scenario,PV,EV_raw,TD_new,SPI,rho,Q_SPI
S1: balanced delivery,100,105,10,1.05,0.011905,1.0132
S2: fast delivery,100,115,35,1.15,0.038043,1.026
S3: accelerated delivery,100,120,55,1.2,0.057292,1.0105
S4: debt-heavy delivery,100,120,80,1.2,0.083333,0.9346
S5: stabilization,100,85,10,0.85,0.014706,0.8133
